A Decade Of Steely Dan,https://s3.amazonaws.com/dropify-pro/images/albums/a-decade-of-steely-dan.jpg
Back to Black,https://s3.amazonaws.com/dropify-pro/images/albums/back-to-black.jpg
Barton Hollow,https://s3.amazonaws.com/dropify-pro/images/albums/barton-hollow.jpg
Best Of The Doobies,https://s3.amazonaws.com/dropify-pro/images/albums/best-of-the-doobies.jpg
Boston,https://s3.amazonaws.com/dropify-pro/images/albums/boston.jpg
Brothers (Deluxe Version),https://s3.amazonaws.com/dropify-pro/images/albums/brothers.jpg
By the Way,https://s3.amazonaws.com/dropify-pro/images/albums/by-the-way.jpg
Cheers!,https://s3.amazonaws.com/dropify-pro/images/albums/cheers.jpg
"Chronicle, Vol. 1",https://s3.amazonaws.com/dropify-pro/images/albums/chronicle-vol-i.jpg
Common Dreads,https://s3.amazonaws.com/dropify-pro/images/albums/common-dreads.jpg
Contra (Bonus Track Version),https://s3.amazonaws.com/dropify-pro/images/albums/contra.jpg
Deal or No Deal,https://s3.amazonaws.com/dropify-pro/images/albums/deal-or-no-deal.jpg
Do It For The Money!,https://s3.amazonaws.com/dropify-pro/images/albums/do-it-for-the-money.jpg
Don't Look Back,https://s3.amazonaws.com/dropify-pro/images/albums/dont-look-back.jpg
El Camino,https://s3.amazonaws.com/dropify-pro/images/albums/el-camino.jpg
Fallen Empires,https://s3.amazonaws.com/dropify-pro/images/albums/fallen-empires.jpg
Legend,https://s3.amazonaws.com/dropify-pro/images/albums/legend.jpg
Livin' On The Fault Line,https://s3.amazonaws.com/dropify-pro/images/albums/livin-on-the-fault-line.jpg
Mylo Xyloto,https://s3.amazonaws.com/dropify-pro/images/albums/mylo-zyloto.jpg
Notes from Elsewhere,https://s3.amazonaws.com/dropify-pro/images/albums/notes-from-else-where.jpg
Rolling Papers,https://s3.amazonaws.com/dropify-pro/images/albums/rolling-papers.jpg
Royal Scam,https://s3.amazonaws.com/dropify-pro/images/albums/royal-scam.jpg
Sample This - EP,https://s3.amazonaws.com/dropify-pro/images/albums/sample-this.jpg
Sigh No More,https://s3.amazonaws.com/dropify-pro/images/albums/sigh-no-more.jpg
The Orchard (Bonus Version),https://s3.amazonaws.com/dropify-pro/images/albums/the-orchard.jpg
Time Bomb,https://s3.amazonaws.com/dropify-pro/images/albums/time-bomb.jpg
Vampire Weekend,https://s3.amazonaws.com/dropify-pro/images/albums/vampire-weekend.jpg
Wolfgang Amadeus Phoenix,https://s3.amazonaws.com/dropify-pro/images/albums/wolfgang-armadeus-phoenix.jpg
